<?xml version="1.0" encoding="UTF-8"?>
<project-private xmlns="http://www.netbeans.org/ns/project-private/1">
    <editor-bookmarks xmlns="http://www.netbeans.org/ns/editor-bookmarks/2" lastBookmarkId="0"/>
    <open-files xmlns="http://www.netbeans.org/ns/projectui-open-files/2">
        <group name="Actividad02">
            <file>file:/C:/Personal/INTECAP%202022/PROGRA/BEANS/MES05DIA26/ConectorCompleto2022/src/modelo/PaisDAO.java</file>
            <file>file:/C:/Personal/INTECAP%202022/PROGRA/BEANS/MES05DIA26/ConectorCompleto2022/src/conexion/Conector.java</file>
            <file>file:/C:/Personal/INTECAP%202022/PROGRA/BEANS/MES05DIA26/ConectorCompleto2022/src/modelo/Extras.java</file>
            <file>file:/C:/Personal/INTECAP%202022/PROGRA/BEANS/MES05DIA26/ConectorCompleto2022/src/modelo/ConsultasPais.java</file>
            <file>file:/C:/Personal/INTECAP%202022/PROGRA/BEANS/MES05DIA26/ConectorCompleto2022/src/vista/frmInsertar.java</file>
            <file>file:/C:/Personal/INTECAP%202022/PROGRA/BEANS/MES05DIA26/ConectorCompleto2022/src/controlador/ControladorInsertar.java</file>
            <file>file:/C:/Personal/INTECAP%202022/PROGRA/BEANS/MES05DIA26/ConectorCompleto2022/src/ConectorCompleto2022.java</file>
            <file>file:/C:/Personal/INTECAP%202022/PROGRA/BEANS/MES05DIA26/ConectorCompleto2022/src/modelo/PaisVO.java</file>
        </group>
        <group>
            <file>file:/C:/Personal/INTECAP%202022/PROGRA/BEANS/MES05DIA26/ConectorCompleto2022/src/controlador/ControladorInsertar.java</file>
            <file>file:/C:/Personal/INTECAP%202022/PROGRA/BEANS/MES05DIA26/ConectorCompleto2022/src/vista/frmMenu.java</file>
            <file>file:/C:/Personal/INTECAP%202022/PROGRA/BEANS/MES05DIA26/ConectorCompleto2022/src/vista/frmMostrar.java</file>
            <file>file:/C:/Personal/INTECAP%202022/PROGRA/BEANS/MES05DIA26/ConectorCompleto2022/src/controlador/ControladorMostrar.java</file>
        </group>
    </open-files>
</project-private>
